Lambda, val
0.1,11.04207003031632
0.2,24.242491094336582
0.3,39.3969781365719
0.4,54.86654910784816
0.5,57.00287708918754
