Lambda, val
0.1,0.18163317771432475
0.2,0.14440921708727097
0.3,0.12618044344531892
0.4,0.06938221485376417
0.5,0.06907597876960313
