Lambda, val
0.1,-81.83668222856753
0.2,-85.55907829127291
0.3,-87.38195565546812
0.4,-93.06177851462358
0.5,-93.09240212303969
