Lambda, val
0.1,27.90360537235359
0.2,68.26482878598286
0.3,116.37454899303972
0.4,166.58275338369637
0.5,210.22411361360426
