Lambda, val
0.1,26.848682576761163
0.2,51.35134408747244
0.3,131.7722271875474
0.4,139.15260713717288
0.5,52.20698294478818
0.6,-24.31770136346684
0.7,109.93590453157593
0.8,-6.821932104583894
0.9,-24.77448346049781
1.0,-75.04901691080738
