Lambda, val
0.1,11.031417979382518
0.2,24.162642973427495
0.3,39.00439324519154
0.4,54.382889443374815
0.5,55.20004418579556
0.6,-31.62463465114388
0.7,-90.30202440242351
0.8,-91.4194922593882
0.9,-91.52955043239122
1.0,-93.47010431663982
