Lambda, val
0.1,0.002629372289920842
0.2,0.002629372289920842
0.3,0.002629372289920842
0.4,0.002629372289920842
0.5,0.002629372289920842
