Lambda, val
0.1,2.6625496773531765
0.2,15.933145007391314
0.3,-5.694522567308125
0.4,6.082199440677916
0.5,-12.148847106763084
0.6,109.1509487736638
0.7,13.103877217231851
0.8,-18.62788591016926
0.9,-57.200992324055036
1.0,-69.43620851406196
