Lambda, val
0.1,1.6110968763956028
0.2,0.029389458328077465
0.3,0.029579024905966613
0.4,0.02669304659730168
0.5,0.027973381290858548
