Lambda, val
0.1,0.049713650486774695
0.2,0.049713650486774695
0.3,0.049713650486774695
0.4,0.049713650486774695
0.5,0.049713650486774695
