Lambda, val
0.1,16.426447248675746
0.2,4.45363941847845
0.3,-5.097355895106426
0.4,-6.104248292791469
0.5,-20.748321329822684
0.6,-25.150672891551583
0.7,-3.798214339115491
0.8,-39.03724784684436
0.9,-63.651022194429416
1.0,-69.50261405386158
