Lambda, val
0.1,26.76078832626183
0.2,71.86481152151278
0.3,146.31605823445867
0.4,265.9880154515624
0.5,475.3121749086557
