Lambda, val
0.1,70.67746645489346
0.2,-90.99830765270895
0.3,-91.45481313530945
0.4,-93.18341442261475
0.5,-91.67494686451933
