Lambda, val
0.1,-90.59336585128604
0.2,-92.92291098570253
0.3,-92.42392314773136
0.4,-93.25595599282939
0.5,-93.91462364760936
