Lambda, val
0.1,24.896571913180686
0.2,66.84285879114289
0.3,140.5072971871477
0.4,343.9206954592403
0.5,33.600871553041415
0.6,105.33631056285135
0.7,49.472313212296285
0.8,-35.52639951644967
0.9,-54.00859540685084
1.0,-67.93895324997838
