Lambda, val
0.1,0.7010428564747206
0.2,1.4897798400685947
0.3,2.457427981402449
0.4,3.618262936576211
0.5,4.986448272470656
