Lambda, val
0.7,9.016818237166069
0.8,9.004788512487583
0.9,9.00302174645342
1.0,9.006104801027416
