Lambda, val
0.1,3.8721393391922154
0.2,4.452740083390561
0.3,-5.097115370328353
0.4,-6.112209508994349
0.5,-20.76763616455165
0.6,-25.15271542567704
0.7,-11.317846739280402
0.8,-38.979091667151145
0.9,-63.637415181208
1.0,-68.84359935886634
