Lambda, val
0.1,11.041478685460525
0.2,24.240854072870754
0.3,39.393610126284464
0.4,54.86018623283071
0.5,56.991350240625984
