Lambda, val
0.1,11.031417979382518
0.2,24.162642973427495
0.3,39.00439324519154
0.4,54.382889443374815
0.5,55.20004418579556
