Lambda, val
0.1,24.89665925930464
0.2,66.84289478919183
0.3,140.5056009754968
0.4,343.9636547807829
0.5,33.546665001392185
0.6,105.2806611142116
0.7,49.488807671685905
0.8,-35.5683174846427
0.9,-54.105982820982405
1.0,-67.97690273432619
