Lambda, val
0.1,0.19499415499728556
0.2,0.5259387064842302
0.3,0.9503376835727106
0.4,1.479020038083978
0.5,2.1118526403309357
