Lambda, val
0.1,0.04574363979059832
0.2,0.04574363979059832
0.3,0.04574363979059832
0.4,0.04574363979059832
0.5,0.04574363979059832
