Lambda, val
0.1,0.09406634148713965
0.2,0.0707708901429748
0.3,0.07576076852268641
0.4,0.06744044007170612
0.5,0.06085376352390632
