Lambda, val
0.1,1173.485706241897
0.2,1180.5797576370703
0.3,1187.535459415677
0.4,1204.4665089390933
0.5,1204.588811164878
