Lambda, val
0.1,0.7303404876778505
0.2,2.4280827870483215
0.3,7.538658585443155
0.4,207.10544428765368
0.5,612.6498915862361
0.6,819.844171597312
0.7,943.0172284429436
0.8,1104.7297820319366
0.9,1146.4908324097996
1.0,1188.0212342168447
