Lambda, val
0.1,0.6981188035242636
0.2,2.289888664659035
0.3,6.015752683616805
0.4,15.48141969833009
0.5,47.87639507673306
