Lambda, val
0.1,-0.00444211820261875
0.2,-0.00428980434902515
0.3,-6.045399483501912E-4
0.4,0.006799473334857753
0.5,0.017859596457035387
