Lambda, val
0.1,1172.485706241897
0.2,1179.5797576370703
0.3,1186.535459415677
0.4,1203.466508939093
0.5,1203.5888111648778
