Lambda, val
0.1,0.8549316242134279
0.2,40.525758533763295
0.3,87.79783111124853
0.4,259.35571939786604
0.5,515.8472915737169
0.6,892.4808811331287
0.7,884.8220332391138
0.8,1050.1956336357266
0.9,1086.6230995993246
1.0,1131.4069041524347
