Lambda, val
0.1,6.546334001597748
0.2,25.571731929139833
0.3,25.61409044504663
0.4,25.46763716541767
0.5,25.627633249249293
