Lambda, val
0.1,0.32700042342839075
0.2,0.8558303579559718
0.3,1.793479482138033
0.4,3.584632212517776
0.5,8.028095200126424
