Lambda, val
0.1,200.99090910895592
0.2,205.72590430390744
0.3,205.06123346945543
0.4,206.38328880843812
0.5,205.56004629241136
