Lambda, val
0.1,1.146383982191046
0.2,3.891913419854042
0.3,14.125346590301163
0.4,24.039930598965
0.5,36.98698755022623
