Lambda, val
0.1,1.8881380147504907
0.2,12.523782698483807
0.3,30.830798483754673
0.4,44.17035365772869
0.5,65.50738727351235
0.6,88.00029196707594
0.7,96.16385262760208
0.8,107.88383183862719
0.9,114.49909936392854
1.0,117.69115049303046
