Lambda, val
0.1,7.074881043660415
0.2,18.830578647972114
0.3,47.65547704900052
0.4,66.58306317732335
0.5,93.6055733247162
0.6,103.43264181983606
0.7,137.8277997439495
0.8,146.81268362375357
0.9,168.1358976617351
1.0,173.58844769830247
