Lambda, val
0.1,0.32784736304566087
0.2,0.864421851169088
0.3,1.8400537905311745
0.4,3.716300706079619
0.5,8.170214293185738
0.6,20.074708102938295
0.7,25.499762269513628
0.8,25.6349907271018
0.9,25.64164877908908
1.0,25.750334423698394
