Lambda, val
0.1,199.99090910895592
0.2,204.72590430390744
0.3,204.06123346945543
0.4,205.38328880843812
0.5,204.56004629241136
