Lambda, val
0.1,6.8412864536152895
0.2,22.879977832845835
0.3,22.887638206789116
0.4,22.91125197581859
0.5,22.90522499338372
