Lambda, val
0.7,0.09788060471522875
0.8,0.09740357044332004
0.9,0.09735324619521624
1.0,0.09742921425812301
