Lambda, val
0.1,-0.03119254756296541
0.2,-0.03390795333786212
0.3,-0.026321364217944065
0.4,-0.01093945389061668
0.5,0.011866314794489075
