Lambda, val
0.1,0.32699143846420187
0.2,0.8558012527142422
0.3,1.7933981446728056
0.4,3.5844237098480702
0.5,8.027410027863128
