Lambda, val
0.1,8.420717185006758E-4
0.2,8.420717185006758E-4
0.3,8.420717185006758E-4
0.4,8.420717185006758E-4
0.5,8.420717185006758E-4
