Lambda, val
<<<<<<< HEAD
0.1,0.25406237288079825
0.2,0.8826080813242099
0.3,1.2221681760304066
0.4,1.1901625848689354
0.5,1.2025787443982277
0.6,1.1211972234307823
0.7,1.0789061992527873
0.8,1.1458978692617743
0.9,1.1716601992406763
1.0,1.148053288346615
=======
0.1,0.3213400009155399
0.2,0.6605469193102267
0.3,1.3023119089827566
0.4,1.306361746266319
0.5,1.2669682833631366
0.6,1.352300776784042
0.7,1.3575837886711553
0.8,1.2502448966543502
0.9,1.1719467008928603
1.0,1.1703717047277988
>>>>>>> origin/main
