Lambda, val
0.0,0.1610250609734652
0.03,0.4854918812611593
0.07,0.874444246154145
0.1,0.9990821916733662
0.2,1.196894850059835
0.3,1.2507795503253665
0.5,1.2953370971490719
0.8,1.290105693620515
