Lambda, val
0.0,0.0
0.03,0.021336734001767218
0.07,0.23063386469822672
0.1,0.5167477111972734
0.2,0.9283622696450988
0.3,1.050308383071608
0.4,1.1023563666322211
0.5,1.1707693727919213
