Lambda, val
0.0,0.22700423157066302
0.03,0.10572664125966666
0.07,0.2593295469855277
0.1,0.38058455915305894
0.2,0.8680627204193849
0.3,1.3294526268792615
0.5,1.4344337269746241
0.8,1.414325539679361
