Lambda, val
0.0,0.16186318073713504
0.03,0.47271013523127253
0.07,0.8346024141856433
0.1,0.9702399170030743
0.2,1.2208469462630385
0.3,1.2565571030392497
0.4,1.2612597626854694
0.5,1.285640187774595
