Lambda, val
0.0,0.1402384461145333
0.03,0.45567818942858984
0.07,0.839565792736624
0.1,0.981048408442722
