Lambda, val
0.1,0.8163535288878531
0.2,0.9689314915944977
0.3,1.4008057596366483
0.4,1.536398023650464
0.5,1.6199884835183382
0.6,1.5706344714533307
0.7,1.634587151701045
0.8,1.3636443920132622
0.9,1.2674841673741832
1.0,1.2696758590584454
