Lambda, val
0.1,0.3213400009155399
0.2,0.6605469193102267
0.3,1.3023119089827566
0.4,1.306361746266319
0.5,1.2669682833631366
0.6,1.352300776784042
0.7,1.3575837886711553
0.8,1.2502448966543502
0.9,1.1719467008928603
1.0,1.1703717047277988
