Lambda, val
0.1,0.38237766420871566
0.2,0.7996300190264608
0.3,0.9159175170014716
0.4,1.0229687334416449
0.5,1.057510906480552
0.6,1.0631166190416996
0.7,1.0523711162302773
0.8,1.0422192227101092
0.9,1.048729963491271
1.0,1.0569570343610148
