Lambda, val
0.1,0.24164353854247422
0.2,0.6334220821203015
0.3,1.2838008150232079
0.4,1.3074962129768606
0.5,1.2196450815035313
0.6,1.256438725644754
0.7,1.205030292412444
0.8,1.233104126953582
0.9,1.2281930102843763
1.0,1.1726826767431557
