Lambda, val
0.1,0.12683936195746442
0.2,0.7328901084986219
0.3,1.1968578197495412
0.4,1.2469831137553615
0.5,1.1684928013649378
0.6,1.2207070420790198
0.7,1.2128052867107753
0.8,1.2325496193951448
0.9,1.1620106279369948
1.0,1.2659211736058202
