Lambda, val
0.1,0.6555177177920445
0.2,0.5532407653473539
0.3,0.4850560958134771
0.4,0.5067613468615239
0.5,0.5124616070049198
0.6,0.5001908359093008
0.7,0.5524014284381162
0.8,0.5216801695333688
0.9,0.4369259363872597
1.0,0.4484128321601596
