Lambda, val
0.1,0.0
0.2,0.0
0.3,0.678119989511636
0.4,0.6868918400458839
0.5,0.9480233019429943
0.6,0.9834906537288771
0.7,0.9955831494883499
0.8,0.9947502101961379
0.9,0.9950095946166624
1.0,0.9952886359883276
