Lambda, val
0.0,0.7388644517878181
0.03,0.7006287277369679
0.07,0.5509740802405321
0.1,0.7117841175161831
0.2,0.6996069568890111
0.3,0.7692935354912757
0.5,0.7134010570311641
0.8,0.694821236664332
