Lambda, val
0.1,1.1327911992206752
0.2,1.073766428621148
0.3,1.0678441204880365
0.4,1.0933758402853324
0.5,1.1252909679390717
0.6,1.1486916980428628
0.7,1.1208503496680293
0.8,1.144829250948474
0.9,1.173703392060423
1.0,1.2102710975779325
