Lambda, val
0.1,1.3914497646235096
0.2,1.6177235208281924
0.3,1.5026930151417024
0.4,1.5093991840160812
0.5,1.5986999468535783
0.6,1.5523084583724722
0.7,1.4878601021757085
0.8,1.491241428111244
0.9,1.4944545361387482
1.0,1.5058071659628434
