Lambda, val
0.0,0.9131499525732464
0.03,0.711692887098416
0.07,0.8053199024260317
0.1,0.7801064722185945
0.2,0.7985583489862248
0.3,0.8156114692360278
0.5,0.8331185554961361
0.8,0.876439503981367
