Lambda, val
0.1,0.6510168891861771
0.6,0.7903024438319621
