Lambda, val
<<<<<<< HEAD
0.1,0.675003129020691
0.2,0.6023767303875147
0.3,0.6039589342769486
0.4,0.6162460679736774
0.5,0.6621949143171658
0.6,0.6510168170114222
0.7,0.722824342277084
0.8,0.6969891054957796
0.9,0.6900174910825467
1.0,0.6805090171837249
=======
0.1,0.0
0.2,1.1264664220247411
0.3,1.0265162311273044
0.4,1.0470838178760644
0.5,1.0470838178760644
0.6,0.8632010884587509
0.7,1.0470838178760644
0.8,1.02056758674876
0.9,1.0470838178760644
1.0,1.0470838178760644
>>>>>>> origin/main
