Lambda, val
0.1,1.3871056622867604
0.2,1.6936753050861106
0.3,1.5786524304840905
0.4,1.6520295135339484
0.5,1.6223224281233777
0.6,1.4180427011098446
0.7,1.5253078479402578
0.8,1.4777319020408204
0.9,1.4537987971372068
1.0,1.4482887152324124
