Lambda, val
0.1,1.1064384849735995
0.2,1.0938737510628551
0.3,1.060887087918627
0.4,1.1486958321007794
0.5,1.146367173458267
0.6,1.271961133611996
0.7,1.2863645396363865
0.8,1.3049004866828227
0.9,1.2916510158524264
1.0,1.2889392240042223
