Lambda, val
0.1,0.0
0.2,1.1264664220247411
0.3,1.0265162311273044
0.4,1.0470838178760644
0.5,1.0470838178760644
0.6,0.8632010884587509
0.7,1.0470838178760644
0.8,1.02056758674876
0.9,1.0470838178760644
1.0,1.0470838178760644
