Lambda, val
0.0,0.003241983477610568
0.03,0.3354978106941715
0.07,0.5476132343614423
0.1,0.679841116922078
0.2,0.9978163254472682
0.3,1.013029426746666
0.5,1.0610843498925655
0.8,1.0313238729550331
