Lambda, val
0.1,0.8347901296273419
0.2,1.115115565898211
0.3,1.111614497353379
0.4,1.0009183691565302
0.5,1.0009183691565302
0.6,0.9559104553700605
0.7,1.0009183691565302
0.8,0.975571226584931
0.9,1.0416329915149787
1.0,1.0416329915149787
