Lambda, val
0.1,1.160298045862965
0.2,1.1000153158297268
0.3,1.1624241689773727
0.4,1.230518690184741
0.5,1.3487683412727127
0.6,1.3758471344985452
0.7,1.3963507492772316
0.8,1.4036184262200908
0.9,1.4300846433536452
1.0,1.4154632002067162
