Lambda, val
0.1,0.0
0.2,0.0
0.3,0.6777176059852901
0.4,0.6868918400458839
0.5,0.9622507227006214
0.6,0.9840153450828658
0.7,0.9992060273587343
0.8,1.000069395817307
0.9,0.9992497310297576
1.0,0.99924741681047
