Lambda, val
0.0,0.4151609756021142
0.03,0.8835365897819275
0.07,0.6380908902481337
0.1,0.7924284924290088
0.2,0.7525883533412767
0.3,0.7479585014441242
0.5,0.7190648809435832
0.8,0.6971191920133678
