Lambda, val
0.1,0.6561903841606692
0.3,0.7166080993789231
0.6,0.7817832176702171
0.9,0.8034052358658865
