Lambda, val
0.1,1.2144227048890626
0.2,1.4141108350892175
0.3,1.4576034607228134
0.4,1.4472850431786994
0.5,1.4462751831612777
0.6,1.444336817575431
0.7,1.444336817575431
0.8,1.444336817575431
0.9,1.444336817575431
1.0,1.444336817575431
