Lambda, val
0.0,0.6602243345247807
0.03,0.8548657748216681
0.07,0.9246094493681615
0.1,0.9685177650921275
0.2,1.016198909348213
0.3,0.9956544367354301
0.4,0.9785095086375246
0.5,1.0241056653964467
