Lambda, val
0.0,0.0
0.03,0.2389472730820997
0.07,0.509841391743453
0.1,0.6944068712635373
0.2,0.9610367554114222
0.3,1.0301663984761
0.4,1.022324469472056
0.5,1.0441118161958205
