Lambda, val
0.0,0.27676656035086156
0.03,0.2910992098546511
0.07,0.45787254196537436
0.1,0.882305574425508
0.2,1.316487806375042
0.3,1.668167595947021
0.5,1.4425865241738736
0.8,1.3756290886510911
