Lambda, val
0.0,0.9871686657760396
0.03,0.9130865227170505
0.07,1.4023408919542937
0.1,1.413156851802099
0.2,1.4614099389495319
0.3,1.6095230686842352
0.5,1.5360185466996636
0.8,1.5040015595040412
