Lambda, val
0.0,0.691148545926425
0.03,0.8291377306186789
0.07,0.8944425017100083
0.1,0.9247159247032292
0.2,1.0098599893933293
0.3,0.9623381547980145
0.5,1.0337738869497555
0.8,0.9883272248115165
