Lambda, val
0.1,1.4434796439572872
0.2,1.4235561080383001
