Lambda, val
0.1,-52.71152833297468
0.2,-91.25892804205643
0.3,-91.63350500642122
0.4,-91.69637278992825
0.5,-93.50680760393696
0.6,-93.50680678409626
0.7,-91.84318121607038
0.8,-91.84318712719875
0.9,-91.84318802322657
1.0,-93.47010913026563
