Lambda, val
0.1,0.014098875996443867
0.2,0.004520370725568367
0.3,-9.54257962230495E-5
0.4,2.625656013890933E-4
0.5,1.517265292484648E-5
0.6,2.8472990469195106E-6
0.7,9.642608180694638E-19
0.8,1.3152649392145342E-5
0.9,0.0
1.0,0.0
