Lambda, val
0.1,-99.70743628890428
0.2,-99.9714065167653
0.3,-99.99489238601551
0.4,-99.989733899904
0.5,-99.98990016928056
0.6,-99.91514632229799
0.7,-99.98450577462208
0.8,-99.99646340304453
0.9,-99.98145231201407
1.0,-99.98145238951545
