Lambda, val
0.1,570.134571396762
0.2,257.33436912554293
0.3,63.63681577744074
0.4,-67.91397238156365
0.5,-79.57374621685643
0.6,-89.44853370228604
0.7,-84.89101282559845
0.8,-90.64013633699193
0.9,-62.31104218572047
1.0,-59.550511923284645
