Lambda, val
0.0,0.022456196087629294
0.03,0.016990323190998566
0.07,0.014367447608157384
0.1,0.009492975467307334
0.2,-0.004015163982084935
0.3,0.004578935162219902
0.5,0.011098517986220743
0.8,-0.003967852859917316
