Lambda, val
0.1,0.08223800738792288
0.2,0.04566057486684593
0.3,0.03809068047193053
0.4,0.07014036674095965
0.5,0.10352472710117881
0.6,0.046883771213764885
0.7,0.06951425350050217
0.8,0.05932955138879337
0.9,0.07153422593867798
1.0,0.055393431714318805
