Lambda, val
0.1,7.266853237515369E-5
0.2,4.85404273071976E-5
0.3,1.6880098632070454E-4
0.4,6.143733247111155E-4
0.5,6.795786826391546E-4
0.6,3.044973048031731E-4
0.7,0.0032988496010629693
0.8,7.19224560671021E-4
0.9,0.002078402820981523
1.0,0.002046939038081735
