Lambda, val
0.0,0.042318682739106064
0.03,0.012218392263526041
0.07,6.589561643685896E-4
0.1,0.0036402707163426065
0.2,0.0021197623218037085
0.3,8.191659988155238E-4
0.5,0.0012639907095624242
0.8,-3.8090958186874917E-4
