Lambda, val
<<<<<<< HEAD
0.1,0.002182500810715545
0.2,-8.144247087109556E-4
0.3,-0.0011265024765052837
0.4,0.019981143779743023
0.5,0.01504121231008267
0.6,0.01756428373273167
0.7,0.03005397831101853
0.8,0.0038586003239383755
0.9,0.01991927417820291
1.0,0.025893072241432422
=======
0.1,0.004196348051158677
0.2,0.006443577196449394
0.3,8.879573138881984E-4
0.4,0.004353061047339875
0.5,1.1386963794540806E-4
0.6,7.048505646304323E-5
0.7,8.370674778514904E-5
0.8,3.434806115824177E-5
0.9,2.5934548404337806E-5
1.0,7.653560179140893E-5
>>>>>>> origin/main
