Lambda, val
0.1,-55.34123709172278
0.2,227.41367855857314
0.3,92.97763532107626
0.4,141.34362546821063
0.5,-20.93047375310396
0.6,-42.77463104589181
0.7,82.16761286865749
0.8,-193.27656851521814
0.9,-10.832020558352829
1.0,150.19011504300119
