Lambda, val
0.1,570.1384978577439
0.2,358.19972910202773
0.3,4.360600850218654
0.4,-67.91721036962761
0.5,509.83638208653605
0.6,-88.94557492908419
0.7,-79.42866198210838
0.8,-80.48303534592334
0.9,469.07865594622547
1.0,574.3132428426694
