Lambda, val
0.1,0.005481357375440414
0.2,0.11763671147952603
0.3,0.16647719782979495
0.4,0.28280862337324825
0.5,0.26960284790524136
0.6,0.2726086961518654
0.7,0.27495697411531794
0.8,0.47594000351712745
0.9,0.2555160680147267
1.0,0.971416289633118
