Lambda, val
0.1,31.613382844377224
0.2,231.83414699546853
0.3,386.48394254816935
0.4,231.4882025637377
0.5,227.5858735198888
0.6,376.6628784753094
0.7,152.38025642974097
0.8,-1.3653781709296653
0.9,517.1854379948885
1.0,244.76456232162658
