Lambda, val
0.1,0.002182500810715545
0.2,-8.144247087109556E-4
0.3,-0.0011265024765052837
0.4,0.019981143779743023
0.5,0.01504121231008267
0.6,0.01756428373273167
0.7,0.03005397831101853
0.8,0.0038586003239383755
0.9,0.01991927417820291
1.0,0.025893072241432422
