Lambda, val
0.1,0.004196348051158677
0.2,0.006443577196449394
0.3,8.879573138881984E-4
0.4,0.004353061047339875
0.5,1.1386963794540806E-4
0.6,7.048505646304323E-5
0.7,8.370674778514904E-5
0.8,3.434806115824177E-5
0.9,2.5934548404337806E-5
1.0,7.653560179140893E-5
