Lambda, val
0.1,-2.1616338813940294E-5
0.6,0.012686288667961563
