Lambda, val
0.1,0.008014844694756256
0.2,0.004350936609836123
0.3,0.001351972130654833
0.4,5.362155072627594E-4
0.5,2.6470930757911844E-4
0.6,2.8411197127721006E-4
0.7,1.8308853681583577E-4
0.8,1.7997472723747844E-4
0.9,1.3949419012369206E-4
1.0,1.5973757004824054E-4
