Lambda, val
0.1,532.3205826503744
0.2,292.8638195446115
0.3,20.121691754228177
0.4,-63.230920640260905
0.5,-77.61385189564902
0.6,-84.0748940390609
0.7,-79.31074719993553
0.8,-80.85951397051653
0.9,-62.72113952242465
1.0,-38.072665906742806
