Lambda, val
0.1,85.07299068444448
0.2,25.230826459863522
0.3,-46.76857352512718
0.4,-71.87595424083433
0.5,-84.70035887554614
0.6,-87.85253109558141
0.7,-85.36232577708573
0.8,-73.5899918872899
0.9,-61.04199141409833
1.0,-13.52373058371037
