Lambda, val
0.1,85.0717408542921
0.2,80.19382473382079
0.3,-46.76271428012516
0.4,-71.87194909455485
0.5,-84.49883567131585
0.6,-88.40651360364642
0.7,-79.36549711304434
0.8,260.8519368138542
0.9,-75.98834798080294
1.0,399.1516796096333
