Lambda, val
0.1,85.07327168043362
0.2,75.33438667338388
0.3,-46.75233012559333
0.4,-71.86756324034235
0.5,-84.16250622752437
0.6,-89.92133498288707
0.7,-85.0023021050832
0.8,-80.82327577623744
0.9,-76.95454832241042
1.0,-69.33368509395476
