Lambda, val
0.1,0.003099740807733478
0.2,0.0010878932347435993
0.3,2.766950828646793E-4
0.4,7.810287807434699E-5
0.5,9.782000735239149E-5
0.6,6.720748904778481E-5
0.7,6.145643800888341E-5
0.8,8.179833716483418E-5
0.9,5.6882490190774285E-5
1.0,7.645570581650511E-5
