Lambda, val
0.0,-0.016274297107379525
0.03,-0.001136347028926043
0.07,0.02458120323707546
0.1,0.02199036961250499
