Lambda, val
0.0,0.0035858922545524237
0.03,0.006527683822307356
0.07,0.012673565302681291
0.1,0.01745248877533031
0.2,0.02665545356893818
0.3,0.03516225799005944
0.4,0.044962833792216786
0.5,0.04890692954883417
