Lambda, val
0.0,0.016406190113856266
0.03,0.015180039702866537
0.07,0.012189427871313132
0.1,0.005725841180401014
0.2,3.190491615369126E-4
0.3,0.0015646496832629473
0.4,0.0015340327276386807
0.5,5.694074686827802E-5
