Lambda, val
<<<<<<< HEAD
0.1,0.005481357375440414
0.2,0.11763671147952603
0.3,0.16647719782979495
0.4,0.28280862337324825
0.5,0.26960284790524136
0.6,0.2726086961518654
0.7,0.27495697411531794
0.8,0.47594000351712745
0.9,0.2555160680147267
1.0,0.971416289633118
=======
0.1,0.004105625608768249
0.2,0.0073833408980934915
0.3,0.007165171527989967
0.4,0.004999453547182279
0.5,0.013006899734482416
0.6,0.009254676348687192
0.7,0.0087422470141202
0.8,0.020254496723385883
0.9,0.012549907341355622
1.0,0.01534307483914397
>>>>>>> origin/main
