Lambda, val
0.1,176.90129831045286
0.2,-88.00429816944795
0.3,8.881784197001252E-14
0.4,-97.90162639628
0.5,-97.34368690239538
0.6,-96.22169422561156
0.7,-96.65832053061737
0.8,-92.81787980730458
0.9,-96.1650203761946
1.0,-95.0341461203297
