Lambda, val
0.1,0.004105625608768249
0.2,0.0073833408980934915
0.3,0.007165171527989967
0.4,0.004999453547182279
0.5,0.013006899734482416
0.6,0.009254676348687192
0.7,0.0087422470141202
0.8,0.020254496723385883
0.9,0.012549907341355622
1.0,0.01534307483914397
