Lambda, val
0.1,8.038496698042661E-5
0.2,1.7562883167573148E-4
0.3,5.761303069343515E-4
0.4,6.830741942186103E-4
0.5,0.0010578793621168832
0.6,0.001284377750317863
0.7,0.0038807427484056417
0.8,0.002722924212860572
0.9,0.0011507202393093228
1.0,0.0030120263725058353
