Lambda, val
0.1,4.223377518935357E-4
0.2,1.9312529885518096E-4
0.3,4.0022812561786584E-5
0.4,1.0317725886531286E-4
0.5,9.162178105442885E-5
0.6,5.887179615228151E-4
0.7,1.0833690579116236E-4
0.8,1.9564366784628702E-5
0.9,1.0134817988560781E-4
1.0,1.0134764614599241E-4
