Lambda, val
0.0,-0.1876002981411709
0.03,0.01627244336420114
0.07,0.06980584458119983
0.1,0.07592941363191429
0.2,0.14851791007191964
0.3,0.4075167263807435
0.5,0.7969902178183874
0.8,1.0441201239033353
