Lambda, val
0.1,0.008955025098052483
0.2,0.004416251324015177
0.3,0.002164766616506931
0.4,0.004181005352440088
0.5,0.0034422700981075025
0.6,0.002868250726009296
0.7,0.005820819640125403
0.8,0.005502124356071426
0.9,0.007294677529393764
1.0,0.015105112853461989
