Lambda, val
0.1,570.1334434722779
0.2,257.3353030159797
0.3,133.2466161040625
0.4,-67.91090017723734
0.5,-79.7765685702383
0.6,-90.08121070441778
0.7,-74.96799653986731
0.8,-72.562669098132
0.9,-62.28769551945867
1.0,-59.50277810652318
