Lambda, val
0.0,-0.01564684884101805
0.03,0.005816483697152257
0.07,0.03456673618114415
0.1,0.029118943243668465
0.2,0.004385087250386492
0.3,0.02191726637667994
0.5,-0.004804674451281288
0.8,-0.005351980356756085
