Lambda, val
0.1,0.044965811043750616
0.2,0.009165864566864608
0.3,0.00831519628417098
0.4,0.005150987117399665
0.5,-7.520666568561195E-4
0.6,-9.62016083755225E-4
0.7,9.345933684289016E-5
0.8,-7.866181430536584E-16
0.9,2.2675108705209204E-17
1.0,3.0238955353009664E-16
