Lambda, val
0.0,0.10756461567174035
0.03,0.27287610201611057
0.07,0.36933106502188834
0.1,0.45136121136435886
0.2,0.3665515259521401
0.3,0.35427664890535265
0.5,0.36176006280151557
0.8,0.33854111679583637
