Lambda, val
0.1,125.75012572224504
0.2,22.12879905438856
0.3,-42.744710454531024
0.4,-64.8092524111892
0.5,-79.71622373652004
0.6,-73.92051225068414
0.7,-59.4484026984813
0.8,-87.41575760944158
0.9,-77.85716971120351
1.0,-72.60058371334979
