Lambda, val
0.1,0.007703294311466102
0.2,0.0043532414123133144
0.3,0.0013532447171740911
0.4,5.371716740785702E-4
0.5,2.6308965663939015E-4
0.6,2.8026952834339284E-4
0.7,1.8024809877211656E-4
0.8,1.7776579586588286E-4
0.9,1.369572254884168E-4
1.0,1.619325051654867E-4
