Lambda, val
0.1,436.80704855273024
0.2,115.59447493070695
0.3,-55.25291757431654
0.4,-90.73458295140246
0.5,-96.05965092213452
0.6,-98.55396702617865
0.7,-95.35881394504698
0.8,-97.66184643461963
0.9,-95.02427655719927
1.0,-93.30672646049545
