Lambda, val
0.0,0.632103438746774
0.03,0.8465706180082438
0.07,0.5544854539205668
0.1,0.6005218003394821
0.2,0.7034886387965306
0.3,0.3440695376951919
0.5,0.177077885021709
0.8,0.2583408319253541
