Lambda, val
0.1,85.07649035367596
0.2,25.23070224365178
0.3,-46.76387380893785
0.4,-1.4134138606951785
0.5,-84.28943656728475
0.6,-87.73775013099313
0.7,-84.37075553738559
0.8,-74.08873902951909
0.9,-61.054404271874915
1.0,-68.93946367117798
