Lambda, val
0.1,191.11697201157537
0.2,-87.22931530004072
0.3,104.63397228096456
0.4,-98.07672142937996
0.5,-97.36404621445462
0.6,-97.46515445126673
0.7,-96.84115680514059
0.8,-92.85093640635515
0.9,-92.48542987613936
1.0,-90.57659002167249
