Lambda, val
0.1,-1.5392074093826608E-4
0.3,2.340691834410185E-4
0.6,0.006542837489755693
0.9,0.005017685974263399
