Lambda, val
0.1,0.0665809119620258
0.2,0.07006738422296169
0.3,0.07936465848474426
0.4,0.00919367692903224
0.5,0.04618024691209016
0.6,0.0041782577022467
0.7,0.046886857497234806
0.8,0.058405701681347
0.9,0.041882154684117996
1.0,0.025688994487364197
