Lambda, val
0.0,0.029859245018095008
0.03,0.013497513233481941
0.07,0.009209590861959051
0.1,0.0059182180711821126
0.2,6.503921366962533E-4
0.3,0.002575171059594067
0.4,0.00616512202090628
0.5,0.03593457084028681
