Lambda, val
0.1,1.0247019287703395E-13
0.2,-6.878088751676643E-14
0.3,7.821176523591431E-14
0.4,-9.695820863222922E-15
0.5,4.8702864588053634E-14
0.6,-3.0597501234656053E-14
0.7,-3.542928170801424E-14
0.8,4.853144088278747E-16
0.9,-7.028612149333785E-14
1.0,2.2840020886634995E-14
