Lambda, val
0.1,-52.71152833297468
0.2,-91.25892804205643
0.3,-91.63350500642122
0.4,-91.69637288724213
0.5,-93.50680759406994
0.6,-93.50680758005532
0.7,-91.84318039752179
0.8,-91.84318744489335
0.9,-91.8431416406136
1.0,-93.47010974096204
