Lambda, val
0.1,85.07669241762157
0.2,25.23149234221993
0.3,-47
0.4,-71.86446806068749
0.5,-85.08437120394761
0.6,-88.71848861699043
0.7,-75
0.8,-74.54364383430445
0.9,-76.86623298546687
1.0,-69.23114842514543
