Lambda, val
0.1,0.001353340890061492
0.2,-9.622204211840531E-4
0.3,-0.0015552858418104983
0.4,-0.0014761920138139353
0.5,-5.417395425043892E-4
0.6,0.0020462925165549307
0.7,-0.0017271158730056244
0.8,-0.005722392105394258
0.9,0.016715769601229453
1.0,0.006133725027549349
