Lambda, val
0.1,1.9110143054800937E-5
0.2,1.4287957330968542E-7
