Lambda, val
0.0,0.0066334944131319126
0.03,-0.0199595495280361
0.07,-0.011681755957132915
0.1,0.005583670281661553
0.2,0.016764678147703105
0.3,0.009381463862875165
0.5,0.010721355787327445
0.8,0.008374432538497381
