Lambda, val
0.0,-1.17667420615025
0.03,-1.2245733908708731
0.07,-0.41957328040335945
0.1,-0.1733765388782216
0.2,0.14371554991918029
0.3,0.08154009176004656
0.5,0.08226686495486728
0.8,0.42292926726833974
