Lambda, val
0.1,570.1401775980553
0.2,257.3413110125715
0.3,627.0541404467562
0.4,-67.91448621510078
0.5,-79.24874878246632
0.6,-89.4499196800941
0.7,-89.78080453917572
0.8,-72.51303966234698
0.9,-75.3674258499406
1.0,-62.45050076069967
