Lambda, val
0.1,0.024727405905269718
0.2,0.012805478807144697
0.3,0.010373371654744116
0.4,0.003005223795755931
0.5,0.0139949536355561
0.6,0.02138769683070723
0.7,0.01855677377207536
0.8,2.7129104065760673E-4
0.9,0.0045468113028133035
1.0,0.009610165943373548
