Lambda, val
0.1,327.4166754977088
0.2,997.0797762655278
0.3,1013.7815188710815
0.4,1015.5106849655514
0.5,918.6187852870995
0.6,486.5804597978836
0.7,846.7319819751335
0.8,715.2103047006414
0.9,881.9200489101971
1.0,507.00105413252095
