Lambda, val
0.1,0.15081665422930354
0.2,0.05383285972733111
0.3,0.07045731078913038
0.4,0.011836851328532242
0.5,0.009094609052153679
0.6,0.011366862832778494
0.7,0.003922481530805737
0.8,1.296729804951242E-5
0.9,1.9490729990525949E-7
1.0,3.233173555108132E-7
