Lambda, val
0.1,0.13481445625593172
0.2,0.04960437708777978
0.3,0.010408443495272767
0.4,0.013177996755840918
0.5,4.5129681390136535E-8
0.6,4.5945725737180656E-7
0.7,7.580931572569149E-4
0.8,0.002960189465554467
0.9,0.0028709362823032096
1.0,0.009893843751529928
