Lambda, val
0.1,0.15082399506818867
0.2,0.15401999549751968
0.3,0.012378758388311954
0.4,0.011886450904119758
0.5,0.16098890583575054
0.6,0.006344096803157347
0.7,0.0040636726299255604
0.8,0.009177886512383987
0.9,0.022101190261239446
1.0,0.046975561933865824
