Lambda, val
0.1,0.15082018900186567
0.2,0.05383221874352613
0.3,0.012391136952189144
0.4,0.011857230149941706
0.5,0.009282984721737133
0.6,0.0054870636260007
0.7,0.006853396189999926
0.8,2.2297059205971943E-5
0.9,1.3389800445706159E-7
1.0,1.4363240962385102E-4
