Lambda, val
0.1,0.17820462852342037
0.2,0.07216481992947041
0.3,0.02905216401088155
0.4,0.031229518534296345
0.5,0.017830693989179133
0.6,0.015173781953867259
0.7,0.02286438116596562
0.8,0.026528976627462585
0.9,0.019677852375557043
1.0,0.06712097123359992
