Lambda, val
0.1,3.7344130902222163E-13
0.2,9.949207180790576E-14
0.3,7.72847189989698E-5
0.4,5.444956418340198E-16
0.5,2.0565363657287193E-12
0.6,3.596783104580828E-12
0.7,1.3411731964810256E-14
0.8,6.423073144707649E-14
0.9,1.4713581944393526E-14
1.0,3.366985643318085E-16
