Lambda, val
0.1,0.15082127003771684
0.2,0.05384142940417763
0.3,0.020370690708990377
0.4,0.011844730539205952
0.5,0.009064685303600108
0.6,0.005318409264468272
0.7,1.6939488458382044E-6
0.8,0.0020442364675064637
0.9,0.002825008568744731
1.0,8.008071691816966E-8
