Lambda, val
0.1,0.013357230820142564
0.2,1.2330679096094868E-11
0.3,0.06600936915370795
0.4,9.577344174457825E-11
0.5,5.441375055015907E-11
0.6,1.23347711957268E-9
0.7,3.1314077235479035E-10
0.8,1.5083222847548526E-11
0.9,6.598997905705218E-11
1.0,1.1320723981870139E-11
