Lambda, val
0.1,0.4424293213107333
0.2,0.027407407455882896
0.3,0.01767676769990862
0.4,0.040185186452061414
0.5,0.011428571446585946
0.6,0.04047619072903692
0.7,0.026190476228699
0.8,0.0373857632185325
0.9,0.016931218370691798
1.0,0.09910090405379059
