Lambda, val
0.1,0.006062582139458007
0.2,2.7082907183948156E-11
0.3,7.782142606406916E-11
0.4,1.16586433328161E-12
0.5,9.148297212990254E-12
0.6,1.4525902917438322E-10
0.7,6.392809454290724E-10
0.8,6.086673512490886E-12
0.9,2.5333960992099483E-13
1.0,1.482776368952388E-11
