Lambda, val
0.1,0.02124964210446908
0.2,0.036393771889139344
0.3,0.017320844859227077
0.4,0.004666717386490441
0.5,0.006567542981401133
0.6,0.011400617005028124
0.7,0.008301996814789067
0.8,0.04360916384534408
0.9,0.009577423248674192
1.0,0.03960356873672908
