Lambda, val
0.1,0.0028927940736689114
0.2,1.2635128605573643E-12
0.3,3.6280186433155876E-12
0.4,4.806258067291525E-14
0.5,4.311584743152804E-13
0.6,1.3018574634362513E-12
0.7,3.417261293640018E-11
0.8,1.497630121395215E-13
0.9,6.289408716723378E-12
1.0,6.403129928491954E-13
