Lambda, val
0.1,0.014683036679706548
0.2,0.020736444141716836
0.3,0.0061952821978569035
0.4,0.004282523747722224
0.5,0.006627246117473175
0.6,0.006429907662514148
0.7,0.005066820829206885
0.8,1.597857469421979E-4
0.9,0.005324269911600088
1.0,0.005233257744203152
