Lambda, val
0.1,9.182688004899284E-12
0.2,4.1273581425704443E-13
0.3,2.289931261541808E-12
0.4,1.8435812913081792E-12
0.5,1.157731790584619E-13
0.6,5.0528248391438334E-11
0.7,1.4800818256954919E-9
0.8,3.1082436268728626E-13
0.9,1.7996375073289914E-12
1.0,1.0973414852160246E-12
