Lambda, val
0.1,0.021249278699022173
0.2,0.017326708725590986
0.3,0.017312068251811218
0.4,0.004667588276592786
0.5,0.0037604063634149435
0.6,0.009758129106106073
0.7,0.005068398556361658
0.8,0.015834046273544754
0.9,0.007040956230736147
1.0,0.00997905631389282
