Lambda, val
0.1,0.01161062669270163
0.2,2.8327811171858437E-11
0.3,0.2559948108384874
0.4,3.2916424905168065E-9
0.5,1.925955015741807E-9
0.6,5.575159101290667E-11
0.7,1.7911169670175435E-10
0.8,1.9712380816351493E-11
0.9,1.9034110732854437E-9
1.0,4.943961945971133E-7
