Lambda, val
0.1,1.4445022741737177E-12
0.2,1.7186473691409463E-12
0.3,5.732935754255429E-12
0.4,6.217657974780526E-14
0.5,1.468442718466805E-13
0.6,1.499614341732783E-11
0.7,5.796559686511538E-13
0.8,5.274929890004652E-11
0.9,2.8317003719234822E-12
1.0,1.7826730217851468E-10
