Lambda, val
0.1,0.007829380361817755
0.2,0.03381813102562328
0.3,0.05753746289610775
0.4,0.03283714710389946
0.5,0.017022306191556192
0.6,0.01847192462719571
0.7,0.02693539170618649
0.8,0.01634620877447354
0.9,0.045401331218493095
1.0,0.06291265029720748
