Lambda, val
0.0,1.0
0.03,1.0
0.07,456.0
0.1,3.0460526315789473
0.2,128.33333333333334
0.3,368.0
0.5,12.64516129032258
0.8,19.09090909090909
