Lambda, val
0.1,0.0
0.2,0.0
0.3,0.0
0.4,0.11934900542495479
0.5,0.11030741410488246
0.6,0.1301989150090416
0.7,0.11211573236889692
0.8,0.12477396021699819
0.9,0.09945750452079566
1.0,0.10126582278481013
