Lambda, val
0.1,0.021739130434782608
0.2,0.021739130434782608
0.3,0.34782608695652173
0.4,0.7826086956521738
0.5,1.0
0.6,0.9565217391304347
0.7,1.0
0.8,1.0217391304347825
0.9,1.0
1.0,1.0
