Lambda, val
0.1,0.7333333333333333
0.2,0.8666666666666667
0.3,0.8666666666666667
0.4,0.8
0.5,0.7333333333333333
0.6,0.7333333333333333
0.7,0.8
0.8,0.8
0.9,0.8
1.0,0.8
