Lambda, val
0.0,0.3285714285714285
0.03,2.3142857142857145
0.07,3.071428571428571
0.1,3.5142857142857142
0.2,4.357142857142857
0.3,4.1
0.5,3.728571428571428
0.8,4.057142857142857
