Lambda, val
0.1,0.0
0.2,0.06386861313868614
0.3,0.10218978102189781
0.4,0.13503649635036497
0.5,0.1478102189781022
0.6,0.14963503649635038
0.7,0.08759124087591241
0.8,0.16058394160583941
0.9,0.15693430656934307
1.0,0.13686131386861314
