Lambda, val
0.0,0.0
0.03,6.333333333333334
0.07,11.5
0.1,13.5
0.2,18.166666666666664
0.3,21.166666666666664
0.4,21.333333333333332
0.5,24.166666666666664
