Lambda, val
0.1,321.0
0.2,216.0
0.3,32.75
0.4,7.199999999999999
0.5,1.4390243902439024
0.6,15.333333333333332
0.7,7.3999999999999995
0.8,3.181818181818182
0.9,1.7000000000000002
1.0,1.0303030303030303
