Lambda, val
0.0,29.0
0.03,11.3125
0.07,66.33333333333333
0.1,48.00000000000001
0.2,76.66666666666666
0.3,52.6
0.5,44.285714285714285
0.8,350.00000000000006
