Lambda, val
0.1,12.73913043478261
0.2,293.0
0.3,14.291666666666666
0.4,32.18181818181819
0.5,16.136363636363637
0.6,12.785714285714286
0.7,13.321428571428571
0.8,13.428571428571429
0.9,127.66666666666666
1.0,74.0
