Lambda, val
0.0,0.0
0.03,0.0
0.07,0.0
0.1,0.8333333333333333
0.2,1.3333333333333333
0.3,4.5
0.4,4.166666666666666
0.5,4.999999999999999
