Lambda, val
0.1,71.25
0.2,15.789473684210527
0.3,347.00000000000006
0.4,33.36363636363637
0.5,18.150000000000002
0.6,13.321428571428571
0.7,13.5
0.8,12.266666666666666
0.9,185.0
1.0,93.5
