Lambda, val
0.0,0.0
0.03,0.0
0.07,14.999999999999998
0.1,68.0
0.2,293.0
0.3,164.99999999999997
0.5,387.0
0.8,135.66666666666666
