Lambda, val
0.1,0.010752688172043012
0.2,0.010752688172043012
0.3,0.010752688172043012
0.4,0.010752688172043012
0.5,0.03225806451612903
0.6,0.010752688172043012
0.7,0.17204301075268819
0.8,0.8817204301075269
0.9,0.989247311827957
1.0,1.0645161290322582
