Lambda, val
0.1,4.483870967741935
0.2,4.763440860215054
0.3,4.774193548387097
0.4,4.774193548387097
0.5,4.67741935483871
0.6,4.655913978494624
0.7,4.365591397849463
0.8,4.473118279569892
0.9,4.559139784946236
1.0,4.408602150537634
