Lambda, val
0.1,0.0
0.2,0.0
0.3,0.0
0.4,0.0
0.5,0.0
0.6,0.0
0.7,0.03225806451612903
0.8,0.6881720430107527
0.9,0.8494623655913979
1.0,0.9247311827956989
