Lambda, val
0.1,199.49999999999997
0.2,23.5
0.3,19.999999999999996
0.4,16.0
0.5,13.0
0.6,11.5
0.7,10.5
0.8,6.0
0.9,2.4999999999999996
1.0,2.4999999999999996
