Lambda, val
0.0,0.0
0.03,6.0
0.07,11.833333333333334
0.1,14.333333333333334
