Lambda, val
0.1,0.010752688172043012
0.2,4.967741935483871
0.3,5.086021505376344
0.4,5.129032258064516
0.5,5.204301075268817
0.6,5.247311827956989
0.7,5.096774193548387
0.8,5.129032258064516
0.9,5.376344086021505
1.0,5.311827956989247
