Lambda, val
0.1,0.0
0.2,0.0
0.3,0.0
0.4,1.0
0.5,4.6000000000000005
0.6,2.1999999999999997
0.7,4.0
0.8,0.0
0.9,0.0
1.0,0.0
