Lambda, val
0.0,0.0
0.03,0.0
0.07,8.058823529411764
0.1,7.235294117647059
0.2,7.4901960784313735
0.3,8.019607843137255
0.5,8.196078431372548
0.8,8.294117647058824
