Lambda, val
0.1,8.725490196078432
0.3,8.313725490196079
0.6,7.686274509803923
0.9,7.509803921568628
