Lambda, val
<<<<<<< HEAD
0.1,15.529411764705882
0.2,34.142857142857146
0.3,10.707317073170731
0.4,19.166666666666664
0.5,477.0
0.6,244.49999999999997
0.7,38.15384615384615
0.8,38.07692307692308
0.9,30.125
1.0,28.0
=======
0.1,224.49999999999997
0.2,28.5
0.3,22.499999999999996
0.4,21.5
0.5,13.0
0.6,10.999999999999998
0.7,10.5
0.8,6.0
0.9,2.4999999999999996
1.0,2.4999999999999996
>>>>>>> origin/main
