Lambda, val
0.1,0.0
0.2,0.5333333333333333
0.3,0.6666666666666666
0.4,0.6666666666666666
0.5,0.8
0.6,0.5333333333333333
0.7,0.7333333333333333
0.8,0.4666666666666667
0.9,0.7333333333333333
1.0,0.6666666666666666
