Lambda, val
0.1,0.0
0.2,0.0
0.3,0.0
0.4,0.10126582278481013
0.5,0.07775768535262206
0.6,0.05786618444846293
0.7,0.07233273056057866
0.8,0.0705244122965642
0.9,0.04159132007233273
1.0,0.0
