Lambda, val
0.1,0.0
0.2,0.19891500904159132
0.3,0.22965641952983726
0.4,0.17540687160940324
0.5,0.20795660036166366
0.6,0.20795660036166366
0.7,0.19529837251356238
0.8,0.2115732368896926
0.9,0.17902350813743217
1.0,0.21518987341772153
