Lambda, val
0.1,0.025547445255474453
0.2,0.06751824817518248
0.3,0.1478102189781022
0.4,0.14233576642335766
0.5,0.14233576642335766
0.6,0.17518248175182483
0.7,0.15693430656934307
0.8,0.072992700729927
0.9,0.1551094890510949
1.0,0.0
