Lambda, val
0.1,92.5
0.2,18.952380952380953
0.3,44.111111111111114
0.4,5.685714285714285
0.5,189.5
0.6,36.3
0.7,12.517241379310343
0.8,10.696969696969695
0.9,11.516129032258064
1.0,10.968749999999998
