Lambda, val
<<<<<<< HEAD
0.1,20.807692307692307
0.2,489.99999999999994
0.3,11.864864864864865
0.4,38.0
0.5,12.648648648648647
0.6,236.0
0.7,38.583333333333336
0.8,35.69230769230769
0.9,34.285714285714285
1.0,26.352941176470587
=======
0.1,239.49999999999997
0.2,31.0
0.3,22.499999999999996
0.4,19.499999999999996
0.5,12.0
0.6,10.5
0.7,8.5
0.8,5.499999999999999
0.9,4.0
1.0,2.4999999999999996
>>>>>>> origin/main
