Lambda, val
0.0,0.0
0.03,4.833333333333333
0.07,12.666666666666668
0.1,13.833333333333332
0.2,19.666666666666668
0.3,20.666666666666664
0.5,23.499999999999996
0.8,32.666666666666664
