Lambda, val
0.0,5.0
0.03,6.11764705882353
0.07,7.647058823529412
0.1,7.0
0.2,6.96078431372549
0.3,7.333333333333334
0.5,7.215686274509804
0.8,6.176470588235294
