Lambda, val
0.1,85.99999999999999
0.2,377.0
0.3,187.5
0.4,30.818181818181824
0.5,294.0
0.6,89.33333333333334
0.7,78.33333333333333
0.8,20.2
0.9,9.61111111111111
1.0,4.517241379310345
