Lambda, val
0.1,0.0
0.2,0.0
0.3,0.22603978300180833
0.4,0.1735985533453888
0.5,0.0
0.6,0.20253164556962025
0.7,0.2206148282097649
0.8,0.21338155515370705
0.9,0.09764918625678119
1.0,0.0018083182640144665
