Lambda, val
0.1,0.0
0.2,0.22784810126582278
0.3,0.0
0.4,0.1735985533453888
0.5,0.19710669077757687
0.6,0.19891500904159132
0.7,0.19891500904159132
0.8,0.20976491862567812
0.9,0.2007233273056058
1.0,0.21518987341772153
