Lambda, val
0.1,239.49999999999997
0.2,31.0
0.3,22.499999999999996
0.4,19.499999999999996
0.5,12.0
0.6,10.5
0.7,8.5
0.8,5.499999999999999
0.9,4.0
1.0,2.4999999999999996
