Lambda, val
0.1,224.49999999999997
0.2,28.5
0.3,22.499999999999996
0.4,21.5
0.5,13.0
0.6,10.999999999999998
0.7,10.5
0.8,6.0
0.9,2.4999999999999996
1.0,2.4999999999999996
