Lambda, val
0.1,0.025547445255474453
0.2,0.05656934306569343
0.3,0.1478102189781022
0.4,0.14233576642335766
0.5,0.145985401459854
0.6,0.18613138686131386
0.7,0.16423357664233576
0.8,0.17518248175182483
0.9,0.14233576642335766
1.0,0.145985401459854
