Lambda, val
0.0,7.509803921568628
0.03,8.27450980392157
0.07,9.039215686274511
0.1,7.882352941176472
0.2,7.862745098039217
0.3,7.745098039215687
0.5,8.058823529411764
0.8,8.137254901960784
