Lambda, val
0.1,0.0
0.2,0.0018248175182481751
0.3,0.016423357664233577
0.4,0.0364963503649635
0.5,0.07116788321167883
0.6,0.060218978102189784
0.7,0.06934306569343066
0.8,0.07116788321167883
0.9,0.0
1.0,0.0
