Lambda, val
0.1,1.0
0.2,1.0
0.3,1.0
0.4,6.936708860759494
0.5,7.116883116883117
0.6,5.708333333333333
0.7,6.021978021978022
0.8,5.829787234042553
0.9,5.0740740740740735
1.0,6.0888888888888895
