Lambda, val
0.0,0.2571428571428571
0.03,2.3714285714285714
0.07,3.2142857142857144
0.1,3.528571428571428
0.2,4.257142857142856
0.3,4.485714285714286
0.4,3.4428571428571426
0.5,3.5857142857142854
