Lambda, val
0.1,20.807692307692307
0.2,489.99999999999994
0.3,11.864864864864865
0.4,38.0
0.5,12.648648648648647
0.6,236.0
0.7,38.583333333333336
0.8,35.69230769230769
0.9,34.285714285714285
1.0,26.352941176470587
