Lambda, val
0.1,0.0
0.2,0.22784810126582278
0.3,0.22965641952983726
0.4,0.1735985533453888
0.5,0.19710669077757687
0.6,0.20433996383363473
0.7,0.19168173598553345
0.8,0.189873417721519
0.9,0.17902350813743217
1.0,0.21518987341772153
