Lambda, val
0.1,8.803921568627452
0.6,7.666666666666668
