Lambda, val
0.1,0.0
0.2,0.009124087591240875
0.3,0.023722627737226276
0.4,0.0072992700729927005
0.5,0.08576642335766424
0.6,0.08029197080291971
0.7,0.07846715328467153
0.8,0.04927007299270073
0.9,0.03467153284671533
1.0,0.04562043795620438
