Lambda, val
0.0,0.06248092995899471
0.03,0.093015631862007
0.07,0.19410767920907857
0.1,0.2541512301326959
0.2,0.3564264716469934
0.3,0.3965502926527762
0.5,0.4589353761109215
0.8,0.5331504587596406
