Lambda, val
0.0,0.6659079317827584
0.03,0.7080066802950239
0.07,0.7673680934908761
0.1,0.8125572783015136
0.2,0.7969582239379491
0.3,0.7495893890494366
0.5,0.8032055927506954
0.8,0.8574693694299866
