Lambda, val
0.1,80.35412863117114
0.2,72.83594820144907
0.3,1084.681221557392
0.4,1172.2884300134872
0.5,31.110937359442637
0.6,1240.7398395085418
0.7,1195.7563563677788
0.8,1197.2518877540006
0.9,664.2448802646668
1.0,223.82759410968953
