Lambda, val
0.1,40.66219221394407
0.2,347.1049584618991
0.3,460.152107423207
0.4,620.765206104797
0.5,564.0488352217614
0.6,581.5210445044772
0.7,609.3262863004609
0.8,574.9675718165665
0.9,566.405132671428
1.0,152.81896834091208
