Lambda, val
0.1,80.34931357362353
0.2,822.5644248081588
0.3,5.136018318407226
0.4,1172.27838755966
0.5,1215.5196918885617
0.6,1240.535339313693
0.7,1192.819848517839
0.8,1182.5995684014972
0.9,1149.807959263885
1.0,1161.231845143964
