Lambda, val
0.1,0.4140622940075952
0.2,0.4698193904536902
0.3,0.8379062879153015
0.4,1.0722360156251933
0.5,1.250268456108266
0.6,1.3033481327774097
0.7,1.3010194837925042
0.8,1.2356253746668078
0.9,1.1984234025824192
1.0,1.1933403913618863
