Lambda, val
0.1,0.9782131571947728
0.2,0.9419365031516342
0.3,0.8725992059529902
0.4,0.8897476225970439
0.5,0.9097296880863946
0.6,0.9022007840544554
0.7,0.8951338657729898
0.8,0.8958422240883953
0.9,0.9165581062630683
1.0,0.8918074202176913
