Lambda, val
0.1,66.66476524232374
0.2,776.3125726100548
0.3,1055.2523004488023
0.4,1154.695904180914
0.5,1201.5785655719428
0.6,1231.2711725046195
0.7,1213.7743109594076
0.8,1211.0245990436526
0.9,1145.038476576304
1.0,1102.9701574986082
