Lambda, val
0.1,80.35356378070234
0.2,822.5646384381145
0.3,513.5447940579844
0.4,1172.2817698656877
0.5,1215.5393003474499
0.6,1240.4840711646177
0.7,1242.3154043008292
0.8,1182.5681746476312
0.9,1206.8975112921867
1.0,1162.2609196432986
