Lambda, val
0.0,0.16960606252655375
0.03,0.17494867650452356
0.07,0.3960338121627934
0.1,0.1334640310602791
0.2,0.25216206933401886
0.3,0.29581361346639995
0.4,0.33492326357157465
0.5,0.37778657137556265
