Lambda, val
0.1,0.5903805694315277
0.2,0.6421442264629789
0.3,0.8988992408205354
0.4,1.1255932476337673
0.5,1.2493011848825377
0.6,1.304865173918267
0.7,1.2934813048379037
0.8,1.243529827227355
0.9,1.2020015661332664
1.0,1.1933546546539495
