Lambda, val
0.1,48.44130853961118
0.2,272.64718464879803
0.3,175.93507485155206
0.4,80.63448023782561
0.5,30.032901316789744
0.6,9.772662877186518
0.7,2.8944823263674047
0.8,1.2089565014978345
0.9,0.5770244556527455
1.0,0.35065664127687457
