Lambda, val
0.1,80.3509651479785
0.2,822.5617673010861
0.3,1025.1755337073546
0.4,1172.2837448100304
0.5,1215.7799061598882
0.6,1241.2426092244896
0.7,1226.5043526640452
0.8,1241.0233353184217
0.9,1149.7722078173329
1.0,1161.1028803135082
