Lambda, val
0.1,0.2558997429299895
0.2,0.4121218996923331
0.3,0.7057221093293544
0.4,0.9923027080870591
0.5,1.119615463876093
0.6,1.1714838199126427
0.7,1.1506818801054364
0.8,1.1306898826624239
0.9,1.115737454720128
1.0,1.1133946267499795
