Lambda, val
0.0,0.05222761944581099
0.03,0.10101176825892073
0.07,0.189494921819439
0.1,0.25281417948705454
