Lambda, val
0.1,-0.9185603532040828
0.2,-0.9294189727749167
0.3,-0.9402775363727924
0.4,-0.9330385126178491
0.5,-0.9493264420098844
0.6,-0.9167505832769342
0.7,-0.9149408133405463
0.8,-0.9167505831047862
0.9,-0.9221798923851761
1.0,-0.9493264421528764
