Lambda, val
0.0,0.5710133218163211
0.03,0.6995452823877962
0.07,0.7290130532230191
0.1,0.6338526484090702
0.2,0.7200834531805085
0.3,0.6995455047370561
0.5,0.7828582583011428
0.8,0.8027095368983322
