Lambda, val
0.0,0.06915291885586645
0.03,0.13401504130086375
0.07,0.190059663579655
0.1,0.2421378998402772
0.2,0.3569070894112234
0.3,0.39755037009125027
0.4,0.4242250515143086
0.5,0.46121780618249747
