Lambda, val
0.1,0.36296735782051254
0.2,0.41947069772634743
0.3,0.41307511553117193
0.4,0.40229450624007235
0.5,0.3902319889967329
0.6,0.3975403525652806
0.7,0.379976530616265
0.8,0.3794309371374982
0.9,0.3764114958728415
1.0,0.356541114832
