Lambda, val
0.0,0.5253749052830956
0.03,0.4640706439156372
0.07,0.5332313855138965
0.1,0.6154237341282891
0.2,0.6023931848892667
0.3,0.6259877548806814
0.5,0.713902703806019
0.8,0.7392755336866026
