Lambda, val
0.1,38.40074373342708
0.2,67.60088722363838
0.3,108.84346733519762
0.4,117.99266679582333
0.5,126.74131589490155
0.6,132.45797227075195
0.7,125.51275225307175
0.8,74.59198351428152
0.9,119.19091662040617
1.0,18.08767529028686
