Lambda, val
0.1,0.6854184028410821
0.2,0.7027618688382141
0.3,0.7442274968413289
0.4,0.7606950539269143
0.5,0.7497885438851933
0.6,0.7606288890962709
0.7,0.7755874712915376
0.8,0.7736933640576579
0.9,0.7881626785582516
1.0,0.7695138750306872
