Lambda, val
0.1,0.8095962599238252
0.2,0.8292630120429322
0.3,0.8098676917573975
0.4,0.7693850237221017
0.5,0.6409040873041832
0.6,0.5860695584991602
0.7,0.536487884618778
0.8,0.4965102249887245
0.9,0.4677203325368741
1.0,0.43958344212128087
