Lambda, val
0.1,0.6833009779390669
0.2,0.7111330297223273
0.3,0.7423044227069757
0.4,0.7643826735907482
0.5,0.7533921275587431
0.6,0.772065804251698
0.7,0.7733725999690031
0.8,0.761298395243974
0.9,0.7783560138463778
1.0,0.7752031791109392
