Lambda, val
0.1,11.385459310215225
0.2,32.3524306436784
0.3,46.4070026129803
0.4,58.50573842731225
0.5,54.23950769301477
0.6,55.36019077541224
0.7,61.20279534465623
0.8,60.987982739137664
0.9,16.464990757710204
1.0,18.754494804768967
