Lambda, val
0.1,14.485420071329585
0.2,28.242271283683323
0.3,2.730452490747184
0.4,16.655626739182395
0.5,8.528931880799473
0.6,2.023768634339924
0.7,0.6053993574360539
0.8,0.42185986243948537
0.9,0.303951288162978
1.0,0.2191059079508897
