Lambda, val
0.1,0.7562131955097858
0.2,0.6190726590048771
0.3,0.5035193618640975
0.4,0.479508861100823
0.5,0.4895214612473361
0.6,0.5117518088888452
0.7,0.531696985193139
0.8,0.5316331870643759
0.9,0.5303683558376436
1.0,0.553676482148399
