Lambda, val
0.1,17.775598893856504
0.2,76.74617117264735
0.3,101.37090649949536
0.4,113.28419073448761
0.5,123.49108401784493
0.6,119.22017251807918
0.7,101.397920658623
0.8,129.91886602239904
0.9,119.7768954363647
1.0,115.48482994379222
