Lambda, val
0.1,0.8938611378831306
0.3,0.8653941249558238
0.6,0.8263459080724725
0.9,0.8238436250182682
