Lambda, val
0.1,0.47938098634746046
0.2,0.48829693747491726
