Lambda, val
0.0,0.19083609328500548
0.03,0.39127743001570287
0.07,0.4816352989176756
0.1,0.5379753218652734
0.2,0.6603104636733084
0.3,0.689627738567236
0.4,0.5541876844639753
0.5,0.5613600553535416
