Lambda, val
0.1,0.6359560918205656
0.2,0.23070687326755757
0.3,0.5631382819820687
0.4,0.6086656826859002
0.5,0.6246760262823975
0.6,0.6213979209228466
0.7,0.5953361165776648
0.8,0.5737813839963061
0.9,0.5566725767849532
1.0,0.5447261383873128
