Lambda, val
0.1,0.8800898426154896
0.2,0.9110170271607921
0.3,0.9138840873961459
0.4,0.913543581138117
0.5,0.8906098394359467
0.6,0.8965221640014414
0.7,0.8659612875793562
0.8,0.8777660727795583
0.9,0.8778251848145903
1.0,0.8755848329248056
