Lambda, val
0.1,38.400710842669476
0.2,82.90160500125907
0.3,108.84623044603471
0.4,117.99447608234343
0.5,126.62530458531269
0.6,132.73792731483476
0.7,128.57652792172928
0.8,118.03148888156248
0.9,109.7187848469068
1.0,83.83880987167271
