Lambda, val
0.1,0.8999444700924322
0.6,0.8351102569292218
