Lambda, val
0.1,0.17354523262706842
0.2,0.3773331461909621
0.3,0.5832290745129333
0.4,0.7451892785335343
0.5,0.8810566596981967
0.6,0.9538694282992881
0.7,0.9776203926481754
0.8,0.9918446543818966
0.9,0.9875837983730311
1.0,0.9875829880851976
