Lambda, val
0.1,38.40008088310772
0.2,82.9018959764589
0.3,108.84213007818742
0.4,88.28769220497321
0.5,126.60340810112719
0.6,132.6174310077586
0.7,128.32789248367183
0.8,118.12016652726537
0.9,109.71325330417105
1.0,116.21306125251913
