Lambda, val
0.1,0.6313610759875815
0.2,0.7903797764325228
0.3,0.9765944444378973
0.4,1.1361341307091724
0.5,1.2351723253359903
0.6,1.2727233653618744
0.7,1.2670001801506718
0.8,1.272787877265921
0.9,1.239033042649362
1.0,1.2333398060981366
