Lambda, val
0.1,38.40002289661464
0.2,82.90247753387986
0.3,110
0.4,117.99331830978689
0.5,126.72061482495434
0.6,132.30639840106758
0.7,130
0.8,118.16873805637579
0.9,120.74719252093699
1.0,116.27544387550932
