Lambda, val
0.0,0.6211754418919804
0.03,0.8606999510236324
0.07,0.7995293968332258
0.1,0.8131557128388728
0.2,0.8105087206739418
0.3,0.8128423494563971
0.5,0.7982662027962109
0.8,0.6994952083651484
