Lambda, val
0.1,0.6074099291650136
0.2,0.7776256631828653
0.3,0.9720282692309227
0.4,1.1347602537049917
0.5,1.2345230070182185
0.6,1.2723339986802162
0.7,1.2664587133396077
0.8,1.272798942375153
0.9,1.2391388559229473
1.0,1.2333492556766532
