Lambda, val
0.0,0.8606368867086609
0.03,0.8901325100270628
0.07,0.9435319765996109
0.1,0.8737513451657664
0.2,0.866710789118841
0.3,0.8478803816559659
0.5,0.8717059683601963
0.8,0.8772112500565109
