Lambda, val
0.1,15.648539841319167
0.2,28.300090451490007
0.3,2.220446049250313E-16
0.4,16.65879049421923
0.5,8.528907868479337
0.6,1.99990094368499
0.7,0.6059744904334627
0.8,0.4216489581904159
0.9,0.31659168349473066
1.0,0.22992705370687805
