Lambda, val
0.1,-0.13166920997287201
0.2,10.21477941069718
0.3,13.364632521974004
0.4,10.518735908618446
0.5,17.041359140541104
0.6,13.16311032639449
0.7,13.597487844867933
0.8,9.43665057029794
0.9,14.801990125984538
1.0,11.836678847018772
