Lambda, val
0.1,0.8212943374792512
0.2,0.8457228904922768
0.3,0.8506550858957919
0.4,0.8353414242315989
0.5,0.8215295916305176
0.6,0.8076155088924005
0.7,0.8232779791012855
0.8,0.8126051848508279
0.9,0.8060958324771199
1.0,0.7860356750691727
