Lambda, val
0.1,0.39674990840493446
0.2,0.6675984295831338
0.3,0.6649050312524734
0.4,0.6277156718104595
0.5,0.6342234410413099
0.6,0.6218492150548733
0.7,0.5926531911189912
0.8,0.5701513140978782
0.9,0.5518512159303877
1.0,0.5451721829046632
