Lambda, val
0.1,-0.9131624932279541
0.2,-0.7323782045425773
0.3,-0.5162847122945033
0.4,-0.3336534508500911
0.5,-0.15581234153682944
0.6,-0.04898510839696346
0.7,-0.02492714347044589
0.8,-0.00866495333134687
0.9,-0.012604122322022127
1.0,-0.012615155675330891
