Lambda, val
0.0,0.5754228986495471
0.03,0.6862033530403691
0.07,0.8985135156083196
0.1,0.815561407926589
0.2,0.8387361553054334
0.3,0.8552208724669875
0.5,0.8783500277800158
0.8,0.8805633059395738
