Lambda, val
0.1,21.95463717860158
0.2,25.61388140411591
0.3,25.637576003258296
0.4,25.654025423919236
0.5,25.73583171706645
0.6,25.73583165334998
0.7,25.65910127196633
0.8,25.6591017015057
0.9,25.659101756527345
1.0,25.750334772691247
