Lambda, val
0.0,0.19096183929663
0.03,0.35996045285010164
0.07,0.4746421558664602
0.1,0.5452511082174882
0.2,0.6605604838856286
0.3,0.6432163588915637
0.5,0.5778622513762196
0.8,0.6233669653045903
