Lambda, val
0.1,0.7132302890005321
0.2,0.9359870072216147
0.3,0.9614861496303305
0.4,0.954823090440303
0.5,0.9581986785076744
0.6,0.9611243638622933
0.7,0.9499359777222873
0.8,0.9557176236229048
0.9,0.981944483798723
1.0,0.9776225758982033
