Lambda, val
0.1,-0.9854685687461198
0.2,-0.9951561895823241
0.3,-0.9951561895829681
0.4,-0.9951561895830523
0.5,-0.9951561886511671
0.6,-0.9951561895825026
0.7,-0.9927342842366249
0.8,-0.9951561895824501
0.9,-0.9903123676675166
1.0,-0.985468568748322
