Lambda, val
0.1,38.40043051182204
0.2,63.62901385411506
0.3,108.84913165255509
0.4,117.99394957390155
0.5,126.61994614347013
0.6,132.77237974205534
0.7,128.38556834888075
0.8,125.8983496918316
0.9,120.79606939569928
1.0,116.27899223280814
