Lambda, val
0.1,21.95463717860158
0.2,25.61388140411591
0.3,25.637576003258296
0.4,25.654025429800104
0.5,25.735831716374037
0.6,25.735831712933006
0.7,25.65910121947449
0.8,25.659101724550073
0.9,25.659099263048905
1.0,25.75033480989386
