Lambda, val
0.1,12.94060508498538
0.2,15.55754727099705
0.3,16.48177945230279
0.4,16.683738664237985
0.5,16.707705446949962
0.6,16.701088234299334
0.7,16.713360669159428
0.8,16.68158099563015
0.9,16.70200771982443
1.0,16.70606066168664
