Lambda, val
0.1,1.2921277891504352
0.2,1.2396023412101884
0.3,1.2063855409724866
0.4,1.201341277541518
0.5,1.2355687261768147
0.6,0.4611556004057957
0.7,0.9781306060507392
0.8,0.9814072302182014
0.9,0.742627603764855
1.0,0.9776678903573565
