Lambda, val
0.0,1.5803540253750004
0.03,2.1699654426703234
0.07,1.6614186491032166
0.1,1.8896272913744485
0.2,1.8833715145523575
0.3,1.7929464011321323
0.5,1.593528190890725
0.8,1.3850699884988695
