Lambda, val
0.1,19.485533453887886
0.2,24.1003616636528
0.3,12.203435804701627
0.4,6.0533453887884265
0.5,3.8146473779385173
0.6,1.8707052441229657
0.7,5.002712477396022
0.8,1.9014466546112117
0.9,2.035262206148282
1.0,1.5289330922242315
