Lambda, val
0.0,1.248277064592137
0.03,1.2035322218414506
0.07,0.8358170623700703
0.1,0.7755295126607354
0.2,0.8444897847258477
0.3,0.8398731833529055
0.5,0.6875876618290535
0.8,0.5289358105527127
