Lambda, val
0.1,1.2306133964529846
0.2,0.8173597932684237
0.3,0.3680042041852887
0.4,0.22960872084620637
0.5,0.16325173721042255
0.6,0.13330975620502145
0.7,0.16289160105275635
0.8,0.20256158422593767
0.9,0.2942499572300008
1.0,0.20232743048455137
