Lambda, val
0.1,5.564928543975305
0.2,5.973775991778269
0.3,6.899148886522876
0.4,7.046530075270994
0.5,7.110467090415634
0.6,7.079664607450492
0.7,7.1299747304289705
0.8,7.136877737017415
0.9,7.134373479440183
1.0,7.119509209122159
