Lambda, val
0.1,7.089785492053665
0.2,7.500788885694557
0.3,8.373040824408012
0.4,8.880836697014374
0.5,8.9991945812246
0.6,9.098376146786864
0.7,9.099274341329979
0.8,9.130824043529234
0.9,9.134512221729754
1.0,8.091633038792612
