Lambda, val
0.1,5.564575197341223
0.2,6.435543506775193
0.3,6.900391006385796
0.4,7.046361852696756
0.5,7.110522156310328
0.6,7.128199979911664
0.7,7.112515981679154
0.8,7.131666088447367
0.9,7.123753065102272
1.0,6.944285811611039
