Lambda, val
0.1,1.2334616076104932
0.2,0.6180124787742047
0.3,0.15835699726448577
0.4,0.16455557787879438
0.5,0.15684982782842766
0.6,0.18280714188292627
0.7,0.5371117625837526
0.8,0.7034967829369908
0.9,0.976924575842595
1.0,0.8489568486050977
