Lambda, val
0.1,2.6520889333532014
0.2,2.6755653103595987
0.3,2.6999987998585113
0.4,2.699999480710976
0.5,2.699999989969346
0.6,2.699999991461903
0.7,2.6999996983253145
0.8,2.6999999315758725
0.9,2.6876364960136443
1.0,2.695185781040297
