Lambda, val
0.1,1.361175112806074
0.2,1.3592449740383508
0.3,1.361175112806074
0.4,1.3590181212568444
0.5,1.3635589571367657
0.6,1.3635589571367657
0.7,1.3564074241446202
0.8,1.3635589571367657
0.9,1.3635589571367657
1.0,1.363558957136765
