Lambda, val
0.1,6.879313131852801
0.2,10.150396264694713
0.3,10.806165112550895
0.4,11.027880412388784
0.5,11.103889129372389
0.6,10.112084788586081
0.7,8.533633757775755
0.8,10.127531537558548
0.9,9.128769074867542
1.0,8.630358042081644
