Lambda, val
0.1,14.634948167640145
0.2,17.110666586742248
0.3,18.522759181163767
0.4,18.60785538240432
0.5,18.659949483478137
0.6,18.69402255360117
0.7,18.703889361514413
0.8,18.702618621166007
0.9,18.711929230144804
1.0,18.459475848420716
