Lambda, val
0.1,0.3957107957907974
0.3,0.778116631124652
0.6,0.6438372462463906
0.9,0.23878123913980162
