Lambda, val
0.1,5.0025094515860005
0.2,4.826902856877591
0.3,4.34293782112634
0.4,4.115519336477226
0.5,3.9134605460098704
0.6,3.8256151692519107
0.7,3.7007146689276924
0.8,3.695038429124688
0.9,3.6995720812471657
1.0,3.70429070070423
