Lambda, val
0.1,0.6236585375091857
0.2,0.3474208369497516
0.3,0.22813077889126523
0.4,0.229034081640253
0.5,0.1497876760224207
0.6,0.07541069505084709
0.7,0.0500488708941848
0.8,0.22911363763240764
0.9,0.07179625061775713
1.0,0.0
