Lambda, val
<<<<<<< HEAD
0.1,1.2404309013045358
0.2,1.02152106658893
0.3,0.8377067899386088
0.4,0.9900937649613699
0.5,1.0800109104249034
0.6,0.9239569992184757
0.7,0.2716644525086386
0.8,0.36411084840096064
0.9,0.5510831709494665
1.0,0.7152999375381869
=======
0.1,1.079044070491563
0.2,1.134729454914541
0.3,0.9802890631582907
0.4,1.0578642133082512
0.5,0.4899175991318894
0.6,0.2893886952969146
0.7,0.4466878986264819
0.8,0.2895371625701926
0.9,0.2725082036052543
1.0,0.47606465977905454
>>>>>>> origin/main
