Lambda, val
0.1,1.079044070491563
0.2,1.134729454914541
0.3,0.9802890631582907
0.4,1.0578642133082512
0.5,0.4899175991318894
0.6,0.2893886952969146
0.7,0.4466878986264819
0.8,0.2895371625701926
0.9,0.2725082036052543
1.0,0.47606465977905454
