Lambda, val
0.1,1.2404309013045358
0.2,1.02152106658893
0.3,0.8377067899386088
0.4,0.9900937649613699
0.5,1.0800109104249034
0.6,0.9239569992184757
0.7,0.2716644525086386
0.8,0.36411084840096064
0.9,0.5510831709494665
1.0,0.7152999375381869
