Lambda, val
0.1,5.56499738388709
0.2,6.192407678751565
0.3,6.8998515177655735
0.4,7.045341897374743
0.5,7.10767414964714
0.6,7.124878046685942
0.7,7.374137337285921
0.8,7.624133142746732
0.9,7.887242439215061
1.0,8.095485802114947
