Lambda, val
<<<<<<< HEAD
0.1,6.466682490170178
0.2,6.207744882780545
0.3,5.987679740930572
0.4,6.076710871412486
0.5,6.090060917621524
0.6,6.0561757194827
0.7,6.0762535464221745
0.8,5.7741802099633714
0.9,6.073778798733105
1.0,4.869368107484239
=======
0.1,5.682241055014939
0.2,5.661000018178976
0.3,2.9213299381627524
0.4,44.76957474314325
0.5,44.59582964787917
0.6,0.4470927231548669
0.7,44.31157290695816
0.8,0.44274293711738394
0.9,44.28715833292421
1.0,36.094674438451534
>>>>>>> origin/main
