Lambda, val
0.1,15.386228284930803
0.2,19.603083493180694
0.3,20.608176622277867
0.4,20.695893358864193
0.5,20.710558979375048
0.6,20.71027489935987
0.7,19.708068019274176
0.8,19.20898818846665
0.9,18.20607967040305
1.0,17.692884059408854
