Lambda, val
0.0,0.6890256531490964
0.03,0.6847042534946454
0.07,0.7258406872151579
0.1,0.717174353891494
0.2,0.6037984027254012
0.3,0.5671209205453781
0.5,0.46671795821250056
0.8,0.5057262755983601
