Lambda, val
0.0,0.6148592868158627
0.03,0.6926594663915808
0.07,0.7235472268432062
0.1,0.7019553772944901
