Lambda, val
0.1,0.9994218260473828
0.2,0.960100589559026
0.3,0.9676694645021585
0.4,0.9640686771540122
0.5,0.9696388198967246
0.6,0.9852065986378892
0.7,0.9405821401011071
0.8,0.8321148988508181
0.9,0.9358443465548252
1.0,0.7476333342944619
