Lambda, val
0.0,0.5096627344028722
0.03,0.5894016802283992
0.07,0.612957437730595
0.1,0.6147625927896863
0.2,0.5003914636666685
0.3,0.46144505669549624
0.5,0.44298629131555667
0.8,0.5905478195667814
