Lambda, val
0.1,5.682241055014939
0.2,5.661000018178976
0.3,2.9213299381627524
0.4,44.76957474314325
0.5,44.59582964787917
0.6,0.4470927231548669
0.7,44.31157290695816
0.8,0.44274293711738394
0.9,44.28715833292421
1.0,36.094674438451534
