Lambda, val
0.1,6.466682490170178
0.2,6.207744882780545
0.3,5.987679740930572
0.4,6.076710871412486
0.5,6.090060917621524
0.6,6.0561757194827
0.7,6.0762535464221745
0.8,5.7741802099633714
0.9,6.073778798733105
1.0,4.869368107484239
