Lambda, val
0.1,1.197667279915131
0.2,1.784488984011419
0.3,1.8096062226584522
0.4,1.5830783549540959
0.5,1.210995877343275
0.6,1.0115334869240988
0.7,0.2616009192430905
0.8,0.06882891590957912
0.9,0.0
1.0,0.0
