Lambda, val
0.1,5.5640032050472685
0.2,6.43549150500128
0.3,6.900277911953664
0.4,6.686620922201669
0.5,7.108966331851693
0.6,7.129314784882488
0.7,7.130084893833293
0.8,7.124233557073284
0.9,7.124672815222883
1.0,7.126824623856932
