Lambda, val
0.1,0.999460562388065
0.2,0.8028771069751962
0.3,0.3511327240862617
0.4,0.15176593825180326
0.5,0.09475825013143194
0.6,0.08789700041309223
0.7,0.09607541800309384
0.8,0.06847498490316534
0.9,0.08964668233805927
1.0,0.11677083277306272
