Lambda, val
0.0,1.0426790957854328
0.03,1.0414609246465785
0.07,1.1971100582691758
0.1,1.2960205613260023
0.2,1.372535682898456
0.3,1.2976271041928493
0.5,0.9045199797844338
0.8,0.6152940921594389
