Lambda, val
0.0,1.004885955323746
0.03,1.0086095841033085
0.07,1.1399467871324027
0.1,1.1352401137330939
0.2,0.9177528466484568
0.3,0.7525497300492842
0.5,0.53958204965001
0.8,0.4300452016786736
