Lambda, val
0.0,0.16672772172840514
0.03,0.2149512225676891
0.07,0.21714951783090114
0.1,0.19624241693126576
0.2,0.19359361436494946
0.3,0.9597776491329123
0.4,0.9721493724152593
0.5,0.9755583466490142
