Lambda, val
0.1,12.940733238907084
0.2,15.557487266446131
0.3,14.856750532008128
0.4,16.68468094590214
0.5,16.685991076882758
0.6,16.677288973705057
0.7,16.61243941344641
0.8,16.71116603320191
0.9,16.70408953092257
1.0,16.707542768519954
