Lambda, val
0.1,2.6520889333532014
0.2,2.6755653103595987
0.3,2.6999987998585113
0.4,2.6999994165185255
0.5,2.699999990074758
0.6,2.6999999876981002
0.7,2.699999698475708
0.8,2.699999888125147
0.9,2.6886079745567293
1.0,2.695682980418407
