Lambda, val
0.0,1.0061884189608261
0.03,1.0229074666764613
0.07,1.1054424110078098
0.1,1.2072302187644814
0.2,1.4735246125554862
0.3,1.4350973232415374
0.5,1.213864300134976
0.8,0.7911769216319032
