Lambda, val
0.1,3.207239168474651
0.2,2.7339822370343687
0.3,2.5475819759696723
0.4,2.2000712126170745
0.5,2.16810413785225
0.6,1.625661018046084
0.7,2.968071930468207
0.8,2.782205077276914
0.9,2.7192286287387963
1.0,2.5404053567476135
