Lambda, val
0.1,0.6647758886980722
0.6,0.5774613086373536
