Lambda, val
0.1,1.591168005993042
0.2,1.5651640316657798
0.3,1.4933660248017095
0.4,1.42194367535562
0.5,1.3671606675742083
0.6,1.3441069345746002
0.7,1.344284056742748
0.8,1.3440662038937419
0.9,1.3448646615225035
1.0,1.343339593818579
