Lambda, val
0.0,0.3789095970770722
0.03,0.26854161442404706
0.07,0.26329014690051594
0.1,0.22206151491921317
0.2,0.1391879376216042
0.3,0.639259689806606
0.4,0.968155805121841
0.5,1.0381469728946067
