Lambda, val
0.1,3.054508505058256
0.2,4.517632735648148
0.3,4.553366050688122
0.4,4.566664050772147
0.5,4.566037574039385
0.6,4.566665698747292
0.7,4.561269404567839
0.8,4.566659397405696
0.9,4.564917764414593
1.0,4.566660316779894
