Lambda, val
0.1,1.2284737200896119
0.2,1.0587934839898039
0.3,0.6213995313422569
0.4,0.2630735258540653
0.5,0.2521405232853713
0.6,0.3277476745692363
0.7,0.3800221961623147
0.8,0.2739700996010153
0.9,0.343496000564498
1.0,0.24334019096562673
