Lambda, val
0.1,12.940572434991648
0.2,15.556595800683226
0.3,13.97973794195964
0.4,16.684386615409093
0.5,16.69106368508909
0.6,16.709194390450136
0.7,16.71217120943687
0.8,16.711367506491175
0.9,16.700905221853247
1.0,16.708867395513494
