Lambda, val
0.1,19.944674468360574
0.2,20.708010050270406
0.3,20.449443486364274
0.4,20.174259462086624
0.5,10.250357786589191
0.6,19.458231800067587
0.7,19.239880648591107
0.8,19.58779305576191
0.9,8.63467665500673
1.0,17.789051233445797
