Lambda, val
0.0,0.07034554412541191
0.03,0.055808487937835216
0.07,0.0957438900370248
0.1,0.23130272252542888
0.2,0.29041778470554863
0.3,0.4777040862163351
0.4,0.7311082673826553
0.5,0.9977299633872639
