Lambda, val
0.0,0.8118587561815147
0.03,0.830017781141303
0.07,0.8009442049956774
0.1,0.7793314615040524
0.2,0.7103509771394345
0.3,0.6853891903107677
0.5,0.6730663221124765
0.8,0.5982431045031544
