Lambda, val
0.1,0.9325175995931595
0.2,1.6505802473422333
0.3,1.6505802473422333
0.4,1.6505802473422333
0.5,1.6505802473422333
0.6,1.6505802473422333
0.7,1.6505802473422333
0.8,1.6505802473422333
0.9,1.6505802473422333
1.0,1.6505802473422333
