Lambda, val
0.1,12.940913065642471
0.2,13.124492971708333
0.3,16.59215075679079
0.4,16.681126835863875
0.5,12.825417022130608
0.6,16.701949705477098
0.7,16.963228793912386
0.8,17.213644547972514
0.9,17.450766723534567
1.0,17.693568632069947
