Lambda, val
0.1,0.2950230123473702
0.2,0.19458430188567202
