Lambda, val
0.1,1.3475386450207294
0.2,1.3475386450207292
0.3,1.347538645020729
0.4,1.3475386450207292
0.5,1.34753864502073
0.6,1.3475386450207296
0.7,1.3475386450207167
0.8,1.3475386450207167
0.9,1.3475386450207165
1.0,1.3475386450207165
