Lambda, val
0.1,0.01473103140503152
0.2,0.011809586866717065
0.3,0.007353517045855586
0.4,0.002227769077470742
0.5,0.002004750709403745
0.6,0.001885142730179185
0.7,0.006805786263748507
0.8,0.008165737049647058
0.9,0.011334404313730527
1.0,0.009838950663349324
