Lambda, val
<<<<<<< HEAD
0.1,0.0
0.2,0.0
0.3,0.007055055109086034
0.4,0.007534959625404907
0.5,0.0029228905066325216
0.6,0.0
0.7,0.0
0.8,0.013459206899439668
0.9,0.0021175439321111382
1.0,0.0
=======
0.1,1.081247426333993E-4
0.2,9.628077963768463E-4
0.3,0.009996187555794614
0.4,0.026675275410141808
0.5,0.0024554068930886367
0.6,0.01822791181160079
0.7,0.004641388450095935
0.8,0.0071894991200078945
0.9,0.009621174093690886
1.0,0.014448782176336062
>>>>>>> origin/main
