Lambda, val
0.1,0.019974997576716714
0.2,0.013236909308656734
0.3,0.013812890506606688
0.4,0.0
0.5,0.0
0.6,0.0
0.7,0.0
0.8,0.006063558479656163
0.9,0.009606106380070615
1.0,0.0
