Lambda, val
0.1,0.02474674577100582
0.2,0.01459538909065074
0.3,0.023555029644431236
0.4,0.03491907698577693
0.5,0.023617408194497223
0.6,0.025315924770305
0.7,0.04450858244101566
0.8,0.04585645151388569
0.9,0.02389083573426154
1.0,0.07843305692430459
