Lambda, val
0.0,0.2820256392012441
0.03,0.262117446754808
0.07,0.32347964673567103
0.1,0.35596215811212556
0.2,0.21641696514201542
0.3,0.21775419250401998
0.4,0.24675980890248916
0.5,0.2761150461362254
