Lambda, val
0.1,9.46877477203408E-4
0.2,0.0
0.3,0.015033414152118724
0.4,0.011637048508700907
0.5,6.106411574050853E-4
0.6,0.006288308779402047
0.7,0.0
0.8,0.012575747721098653
0.9,0.00554583798950047
1.0,0.010035206635900929
