Lambda, val
0.0,0.6976853705968451
0.03,0.43795405034208296
0.07,0.14654912213320032
0.1,0.05631652184432799
