Lambda, val
0.1,0.0
0.2,0.0
0.3,0.007055055109086034
0.4,0.007534959625404907
0.5,0.0029228905066325216
0.6,0.0
0.7,0.0
0.8,0.013459206899439668
0.9,0.0021175439321111382
1.0,0.0
