Lambda, val
0.0,0.14339091312739521
0.03,0.10545639540060968
0.07,0.07281796870970371
0.1,0.044891479215874885
0.2,0.017907174442996512
0.3,0.004370708593828507
0.5,0.017804627164667356
0.8,0.007296267255369073
