Lambda, val
0.0,0.42150113177563236
0.03,0.5187800973884824
0.07,0.34216486641875504
0.1,0.269541089747813
0.2,0.07936995468494315
0.3,0.018440175820799005
0.4,0.0073485425057137335
0.5,0.012078145618090843
