Lambda, val
0.0,0.6930394247463731
0.03,0.41283746791981724
0.07,0.145701622309608
0.1,0.05220909380599036
0.2,0.009102390654202683
0.3,2.5786451313937903E-4
0.5,0.0
0.8,0.00894510223019914
