Lambda, val
0.0,0.0
0.03,0.0
0.07,0.0
0.1,0.0
0.2,0.044146675463668364
0.3,0.04563114675747689
0.5,0.04528136239479644
0.8,0.051166447253624285
