Lambda, val
0.1,0.07477190456617357
0.2,0.015545786809247097
0.3,0.005049196628192675
0.4,0.0
0.5,0.0
0.6,0.0
0.7,0.0
0.8,0.0
0.9,0.0
1.0,0.0
