Lambda, val
0.0,0.3634546756119902
0.03,0.6684716402458297
0.07,0.6391392129110959
0.1,0.5973518756725049
0.2,0.4229085274101382
0.3,0.36798938344972165
0.4,0.34362472122201276
0.5,0.4026328098876278
