Lambda, val
<<<<<<< HEAD
0.1,0.030382012882067967
0.2,0.0297729395862046
0.3,0.010881973178654318
0.4,0.004846163132159589
0.5,0.0
0.6,0.0
0.7,0.0
0.8,0.0
0.9,0.0
1.0,0.0
=======
0.1,0.013414546978521352
0.2,0.012982746567942412
0.3,0.016725166899255194
0.4,0.006302836605935777
0.5,0.04002790492994278
0.6,2.402909597193263E-7
0.7,0.011678403944775536
0.8,0.004543882725160816
0.9,0.00870910624984876
1.0,1.505656754347289E-5
>>>>>>> origin/main
