Lambda, val
0.1,0.01179496029092623
0.2,0.010541219120291758
0.3,0.015592706894954194
0.4,0.006843007967051468
0.5,0.038653963299769944
0.6,0.009362129800486254
0.7,0.011715068596278373
0.8,0.004542548349594827
0.9,0.008703522324026328
1.0,0.0
