Lambda, val
0.0,0.0
0.03,0.0
0.07,0.0
0.1,0.021082667005142504
0.2,0.07165647802878339
0.3,0.05469806084994875
0.5,0.06486902031484686
0.8,0.060035097513099094
