Lambda, val
0.0,0.36313754897917383
0.03,0.27845696516145035
0.07,0.12237122225983274
0.1,0.05310943528339074
0.2,0.006802796302487386
0.3,0.0028974771092464486
0.5,0.0
0.8,0.0
