Lambda, val
0.0,0.21210800921320283
0.03,0.11308632690116051
0.07,0.05812461015354076
0.1,0.08420294767811326
0.2,0.008907104675500018
0.3,0.021735177286728465
0.5,0.0
0.8,0.0
