Lambda, val
0.1,0.030382012882067967
0.2,0.0297729395862046
0.3,0.010881973178654318
0.4,0.004846163132159589
0.5,0.0
0.6,0.0
0.7,0.0
0.8,0.0
0.9,0.0
1.0,0.0
