Lambda, val
0.1,0.02958191894698034
0.2,0.014371691694117592
0.3,0.006544914135359998
0.4,0.006536545540073031
0.5,0.01533043109712125
0.6,7.606432222574182E-4
0.7,0.0
0.8,0.0
0.9,0.0
1.0,0.0
