Lambda, val
0.1,0.029255727795169204
0.2,0.04159690993369936
0.3,7.108044489092176E-4
0.4,0.013972195487107843
0.5,0.01291555507218978
0.6,0.007314888798249703
0.7,0.0
0.8,0.0
0.9,0.006893637497188898
1.0,0.0
