Lambda, val
0.0,0.3070834859480628
0.03,0.31387251519520193
0.07,0.24541852493134445
0.1,0.28290745689961133
0.2,0.12023728314391005
0.3,0.013576008043669562
0.5,0.0010571783956683412
0.8,0.0
