Lambda, val
0.1,0.013766237154831076
0.6,0.00404137304628699
