Lambda, val
0.1,0.10261627270016262
0.2,0.048117754323430184
0.3,0.07119246044018716
0.4,0.0570057223875857
0.5,0.07652633020210627
0.6,0.0724699865891473
0.7,0.11285887525741166
0.8,0.08185056431095566
0.9,0.07062934872592788
1.0,0.15715189093030793
