Lambda, val
0.0,0.4194429703472038
0.03,0.466086317279131
0.07,0.3876532122529357
0.1,0.3094200074254297
0.2,0.09123371173230972
0.3,0.03479564464123951
0.4,0.031045539219001494
0.5,0.09377013167316292
