Lambda, val
0.1,0.0724987863858102
0.2,0.012572337948243454
0.3,0.002531845271386832
0.4,0.009617758167123097
0.5,0.009753733740052275
0.6,0.021309120052139814
0.7,0.014305568175787556
0.8,0.011149093254352278
0.9,0.0031071457990964
1.0,0.00930528834290271
