Lambda, val
0.1,0.04591553544373842
0.2,0.02554822912621379
0.3,0.012075250357059777
0.4,0.019778399920453892
0.5,0.008231803060347997
0.6,0.0
0.7,0.0
0.8,0.0
0.9,0.0
1.0,0.0
