Lambda, val
0.1,0.040711318221392664
0.2,0.028210735311968677
0.3,0.0
0.4,0.0
0.5,0.0
0.6,0.0
0.7,0.0
0.8,0.0
0.9,0.0
1.0,0.0
