Lambda, val
0.0,0.00790721347894813
0.03,0.06743687746947305
0.07,0.07223176656109315
0.1,0.06853595718470278
0.2,0.03266474499230491
0.3,0.019194506769732615
0.5,0.010836427531982365
0.8,0.0
