Lambda, val
0.1,0.08434751757042216
0.2,0.018335155074420295
0.3,0.00292710596541913
0.4,0.004235581679544921
0.5,0.005172523037068414
0.6,0.006642116489752488
0.7,0.006938756159059878
0.8,0.0103136726014586
0.9,0.006021721769539572
1.0,0.006216501002651725
