Lambda, val
0.0,0.5189175615660676
0.03,0.48434798848017957
0.07,0.43581780570800077
0.1,0.3376125594561611
0.2,0.0728470063294724
0.3,0.039840076934569583
0.5,0.04234788439105388
0.8,0.04158043470952131
