Lambda, val
0.0,0.08567550486182135
0.03,0.062179422345741545
0.07,0.013287836499049141
0.1,0.036704680487454316
0.2,0.016800624002382074
0.3,5.507846226080957E-4
0.5,0.0
0.8,0.0
